-- phpMyAdmin SQL Dump
-- version 5.0.2
-- https://www.phpmyadmin.net/
--
-- Host: 127.0.0.1
-- Generation Time: Oct 06, 2021 at 09:17 AM
-- Server version: 10.4.14-MariaDB
-- PHP Version: 7.4.10

SET SQL_MODE = "NO_AUTO_VALUE_ON_ZERO";
START TRANSACTION;
SET time_zone = "+00:00";


/*!40101 SET @OLD_CHARACTER_SET_CLIENT=@@CHARACTER_SET_CLIENT */;
/*!40101 SET @OLD_CHARACTER_SET_RESULTS=@@CHARACTER_SET_RESULTS */;
/*!40101 SET @OLD_COLLATION_CONNECTION=@@COLLATION_CONNECTION */;
/*!40101 SET NAMES utf8mb4 */;

--
-- Database: `alec`
--

-- --------------------------------------------------------

--
-- Table structure for table `badge`
--

CREATE TABLE `badge` (
  `badge_id` int(11) NOT NULL,
  `badge_name` varchar(30) NOT NULL,
  `badge_description` varchar(100) DEFAULT NULL,
  `points` int(11) DEFAULT NULL,
  `course_id` int(11) NOT NULL,
  `badge_image` varchar(255) DEFAULT NULL
) ENGINE=InnoDB DEFAULT CHARSET=latin1;

-- --------------------------------------------------------

--
-- Table structure for table `badge_assign`
--

CREATE TABLE `badge_assign` (
  `student_id` int(11) NOT NULL,
  `badge_id` int(11) NOT NULL,
  `lecturer_id` int(11) NOT NULL
) ENGINE=InnoDB DEFAULT CHARSET=latin1;

-- --------------------------------------------------------

--
-- Table structure for table `course`
--

CREATE TABLE `course` (
  `course_id` int(11) NOT NULL,
  `course_name` varchar(50) NOT NULL,
  `course_description` varchar(200) DEFAULT NULL,
  `year` int(1) NOT NULL
) ENGINE=InnoDB DEFAULT CHARSET=latin1;

--
-- Dumping data for table `course`
--

INSERT INTO `course` (`course_id`, `course_name`, `course_description`, `year`) VALUES
(47, 'SCS 1202 - Programming Using C', 'The following objectives are covered in this course. Analyze and explain \r\nthe behavior of simple programs involving the fundamental programming \r\nconstructs using a functional paradigm such as Scheme', 1),
(48, 'SCS 1203 - Database I', 'Database I, introduces the components of a database system and major \r\nDBMS functions. Data modelling, Relational database design, Structured \r\nQuery Languages (SQL) are covered in the course module.\'', 1),
(49, 'SCS 1204 - Discrete Mathematics I', 'This course module includes sets, relations and functions such as Union and \r\nIntersection. Also basic logic is introduced here with truth tables, predicate logic \r\nand propositional logic. It also di', 1),
(50, 'SCS 1205 - Computer Systems', 'Computer Systems introduces the history of the computer systems, along \r\nwith the knowledge of how the computer works starting from the data \r\nrepresentation, basic logic circuit design to the CPU cyc', 1),
(51, 'SCS 1206 - Laboratory I', 'Laboratory I gives the laboratory exposure to use an operating system (Ubuntu \r\nLinux). The student will gain practical experience in handling the operating \r\nsystem through the graphical user interfa', 1),
(52, 'SCS 1207 - Software Engineering I', 'Software Engineering I is the introductory course of Software Engineering. \r\nAlong with the definitions and the need for Software engineering, the \r\nprocess will be explained in stages: Requirements e', 1),
(53, 'ENH 1201 - Enhancement I', 'The aim of this course module is to enhance the student’s communication \r\nskills in general. An attention will be given to accurate the pronunciation, \r\nactive listening and responding. The correct us', 1),
(54, 'SCS 1208 - Data Structures And Algorithms II', 'Data Structures and Algorithms II will be built upon the first part of the \r\nmodule, discussing variants of the Tree data structure such as General Trees, \r\nBinary Trees, Binary search trees, AVL tree', 1),
(55, 'SCS 1209 - Object Oriented Programming', 'This course introduces the concepts of programming, coding algorithms \r\nin C language and the use of data structures in a C program. In addition \r\nwe will look at some other concepts which were not in', 1),
(56, 'SCS 1210 - Software Engineering II', 'This is an advanced course in Software Engineering which is based on Software \r\nEngineering I module and provides an understanding of Object Oriented \r\nAnalysis and Design (OOAD) concepts. After compl', 1),
(57, 'SCS 1211 - Mathematical Methods I', 'Mathematical Methods I is the introduction to the concepts of calculus including \r\ndifferential equations. Real numbers, real functions, algebra of limits and \r\nalgebra of derivatives, Mean value theo', 1),
(58, 'SCS 1212 - Foundation of Computer Science', 'This course module introduces the historic origins of computational models, \r\nmathematical theory that has led the establishment of computer science. It will \r\ndiscuss the theory on algorithmic proble', 1),
(59, 'SCS 1213 - Probability and Statistics', 'This course offers the theory and background on random variables, probability, \r\nseveral discrete and continuous distributions and to apply the knowledge of \r\nthe distributions and the tools of probab', 1),
(60, 'SCS 1214 - Operating Systems I', 'This course provides an understanding of entire process within Operating \r\nSystems. It covers overview of Operating Systems, Operating System principles, \r\nconcurrency, scheduling and dispatch, memory', 1),
(61, 'ENH 1202 - Enhancement II', 'Humanities is offered as a student enhancement course module, focusing \r\non the non-technical and aesthetic subjects such as performing arts, Music, \r\nPainting, Philosophy, Literature, History etc. It', 1),
(62, 'SCS 2201 - Data Structures and Algorithms III ', 'This is an advanced course in data structures and algorithms which is built on \r\nthe fundamentals introduced in SCS 1201 and SCS 1208 to provide profound \r\nknowledge to design, use, analyze and to pro', 2),
(63, 'SCS 2202 - Group Project I', 'This course is designed to enable students to apply the knowledge acquired \r\nthrough system analysis, design, development, verification and validation, \r\nmaintenance and project management while worki', 2),
(64, 'SCS 2203 - Software Engineering III', 'This course complements the material already covered in Software Engineering \r\nI and II courses and discusses Object-Oriented Modelling and Unified Process \r\nModels in more detail. The course also int', 2),
(65, 'SCS 2204 - Functional Programming', 'Functional programming is becoming increasingly widespread in industry. This \r\ntrend is driven by the adoption of Scala as the main programming language \r\nfor many applications. In this course student', 2),
(66, 'SCS 2205 - Computer Networks I', 'This course is designed to provide knowledge in conceptual and technological \r\naspects behind computer networking. The major areas include data \r\ncommunication, computer networks, LAN architectures, s', 2),
(67, 'SCS 2206 - Mathematical Methods II', 'Mathematical Methods II introduces topics such as vectors, matrices, matrix \r\nalgebra, determinants, Eigenvalues and Eigenvectors and Euclidean spaces \r\netc.', 2),
(68, 'SCS 2207 - Programming Language Concepts', 'This course provides the key features of a programming languages. It \r\ncovers the areas such as programming domains, language evaluation \r\ncriteria, influences on language design, implementation metho', 2),
(69, 'SCS 2208 - Rapid Application Development', 'This course is designed to ensure the fact that the students have been provided \r\na suitable knowledge of the core concepts of Agile practices, the Agile values \r\nand the principles, across a breadth ', 2),
(70, 'SCS 2209 - Database II', 'This course aims to provide introductory knowledge in advanced database \r\nconcepts such as access control for secure databases, transaction management \r\nand serializability, indexing methods, writing ', 2),
(71, 'SCS 2211 - Laboratory II', 'This course is designed to provide an understanding of how to explore and \r\ndescribe various real-life data sets, using R. After the completion of this course \r\nthe student will be able to understand ', 2),
(72, 'SCS 2212 - Automata Theory', 'This course mainly focus on determining a language’s place in the Chomsky \r\nhierarchy and to convert among equivalently powerful notations for a \r\nlanguage. The areas covered are Chomsky hierarchy, se', 2),
(73, 'SCS 2214 - Information System Security', 'This course provides students an understanding of the fundamentals of \r\ninformation security in both information storage and information traveling \r\nin computer networks. This course also focuses on m', 2),
(74, 'ENH 2201 - Enhancement III ', 'The course is taught through a real-life customer development context where \r\nstudents acquire the skills and know-how to develop their business idea all the \r\nway from the conceptual stage to the mar', 2),
(75, 'SCS 2213 - Electronics and Physical Computing', 'This course is organized around a series of practical hands-on exercises \r\nwhich introduce the fundamentals of circuits, embedded programming, signal \r\nprocessing, simple mechanisms, actuation, and ti', 2),
(76, 'SCS 2210 - Discrete Mathematics II', 'This course is to acquaint students with basic number theory and basic \r\ncombinatorial methods that provide a foundation for further studies in the field \r\nas well as for applications in related areas', 2);

-- --------------------------------------------------------

--
-- Table structure for table `course_registration_lec`
--

CREATE TABLE `course_registration_lec` (
  `course_id` int(11) NOT NULL,
  `lecturer_id` int(11) NOT NULL
) ENGINE=InnoDB DEFAULT CHARSET=latin1;

--
-- Dumping data for table `course_registration_lec`
--

INSERT INTO `course_registration_lec` (`course_id`, `lecturer_id`) VALUES
(56, 10),
(56, 13),
(63, 13),
(64, 13),
(64, 26);

-- --------------------------------------------------------

--
-- Table structure for table `course_registration_stu`
--

CREATE TABLE `course_registration_stu` (
  `course_id` int(11) NOT NULL,
  `student_id` int(11) NOT NULL
) ENGINE=InnoDB DEFAULT CHARSET=latin1;

--
-- Dumping data for table `course_registration_stu`
--

INSERT INTO `course_registration_stu` (`course_id`, `student_id`) VALUES
(56, 12),
(56, 14),
(56, 16),
(63, 12),
(63, 14),
(63, 16),
(63, 21),
(63, 29),
(64, 12),
(64, 16),
(64, 29);

-- --------------------------------------------------------

--
-- Table structure for table `course_topic`
--

CREATE TABLE `course_topic` (
  `topic_id` int(11) NOT NULL,
  `course_id` int(11) NOT NULL,
  `lecturer_id` int(11) NOT NULL,
  `topic_name` varchar(30) NOT NULL,
  `topic_description` varchar(200) DEFAULT NULL
) ENGINE=InnoDB DEFAULT CHARSET=latin1;

--
-- Dumping data for table `course_topic`
--

INSERT INTO `course_topic` (`topic_id`, `course_id`, `lecturer_id`, `topic_name`, `topic_description`) VALUES
(11, 63, 13, 'Proposal', NULL),
(12, 63, 13, 'SRS', NULL),
(13, 56, 13, 'Quality Attributes', NULL);

-- --------------------------------------------------------

--
-- Table structure for table `feedback`
--

CREATE TABLE `feedback` (
  `feedback_id` int(11) NOT NULL,
  `question` varchar(150) NOT NULL,
  `date` datetime NOT NULL
) ENGINE=InnoDB DEFAULT CHARSET=latin1;

-- --------------------------------------------------------

--
-- Table structure for table `feedback_lecture`
--

CREATE TABLE `feedback_lecture` (
  `student_id` int(11) NOT NULL,
  `topic_id` int(11) NOT NULL,
  `feedback_id` int(11) NOT NULL,
  `points` int(11) NOT NULL
) ENGINE=InnoDB DEFAULT CHARSET=latin1;

-- --------------------------------------------------------

--
-- Table structure for table `feedback_quiz`
--

CREATE TABLE `feedback_quiz` (
  `student_id` int(11) NOT NULL,
  `quiz_id` int(11) NOT NULL,
  `feedback_id` int(11) NOT NULL,
  `points` int(11) NOT NULL
) ENGINE=InnoDB DEFAULT CHARSET=latin1;

-- --------------------------------------------------------

--
-- Table structure for table `forum`
--

CREATE TABLE `forum` (
  `forum_id` int(11) NOT NULL,
  `forum_name` varchar(50) NOT NULL,
  `forum_description` varchar(200) DEFAULT NULL,
  `course_Id` int(11) NOT NULL
) ENGINE=InnoDB DEFAULT CHARSET=latin1;

--
-- Dumping data for table `forum`
--

INSERT INTO `forum` (`forum_id`, `forum_name`, `forum_description`, `course_Id`) VALUES
(3, 'SCS 1202 - Programming Using C', NULL, 47),
(4, 'SCS 1203 - Database I', NULL, 48),
(5, 'SCS 1204 - Discrete Mathematics I', NULL, 49),
(6, 'SCS 1205 - Computer Systems', NULL, 50),
(7, 'SCS 1206 - Laboratory I', NULL, 51),
(8, 'SCS 1207 - Software Engineering I', NULL, 52),
(9, 'ENH 1201 - Enhancement I', NULL, 53),
(10, 'SCS 1208 - Data Structures And Algorithms II', NULL, 54),
(11, 'SCS 1209 - Object Oriented Programming', NULL, 55),
(12, 'SCS 1210 - Software Engineering II', 'Please use this Discussion Forum to discuss any matters related to this course. All the students and the lecturers are in this list and anyone can post or reply to a message.', 56),
(13, 'SCS 1211 - Mathematical Methods I', NULL, 57),
(14, 'SCS 1212 - Foundation of Computer Science', NULL, 58),
(15, 'SCS 1213 - Probability and Statistics', NULL, 59),
(16, 'SCS 1214 - Operating Systems I', NULL, 60),
(17, 'ENH 1202 - Enhancement II', NULL, 61),
(18, 'SCS 2201 - Data Structures and Algorithms III ', NULL, 62),
(19, 'SCS 2202 - Group Project I', 'Please use this Discussion Forum to discuss any matters related to this course. All the students and the lecturers are in this list and anyone can post or reply to a message. You can use this forum to', 63),
(20, 'SCS 2203 - Software Engineering III', 'You can use this forum to discuss any problems in our video lectures as well.\r\n\r\nSajana Wanigasuriya.', 64),
(21, 'SCS 2204 - Functional Programming', NULL, 65),
(22, 'SCS 2205 - Computer Networks I', NULL, 66),
(23, 'SCS 2206 - Mathematical Methods II', NULL, 67),
(24, 'SCS 2207 - Programming Language Concepts', NULL, 68),
(25, 'SCS 2208 - Rapid Application Development', NULL, 69),
(26, 'SCS 2209 - Database II', NULL, 70),
(27, 'SCS 2211 - Laboratory II', NULL, 71),
(28, 'SCS 2212 - Automata Theory', NULL, 72),
(29, 'SCS 2214 - Information System Security', NULL, 73),
(30, 'ENH 2201 - Enhancement III ', NULL, 74),
(31, 'SCS 2213 - Electronics and Physical Computing', NULL, 75),
(32, 'SCS 2210 - Discrete Mathematics II', NULL, 76);

-- --------------------------------------------------------

--
-- Table structure for table `forum_reply`
--

CREATE TABLE `forum_reply` (
  `reply_id` int(11) NOT NULL,
  `reply` varchar(500) NOT NULL,
  `post_time` datetime NOT NULL
) ENGINE=InnoDB DEFAULT CHARSET=latin1;

-- --------------------------------------------------------

--
-- Table structure for table `forum_reply_lec`
--

CREATE TABLE `forum_reply_lec` (
  `reply_id` int(11) NOT NULL,
  `topic_id` int(11) NOT NULL,
  `lecturer_id` int(11) NOT NULL
) ENGINE=InnoDB DEFAULT CHARSET=latin1;

-- --------------------------------------------------------

--
-- Table structure for table `forum_reply_points`
--

CREATE TABLE `forum_reply_points` (
  `lecturer_id` int(11) NOT NULL,
  `reply_id` int(11) NOT NULL,
  `points` int(11) NOT NULL
) ENGINE=InnoDB DEFAULT CHARSET=latin1;

-- --------------------------------------------------------

--
-- Table structure for table `forum_reply_stu`
--

CREATE TABLE `forum_reply_stu` (
  `reply_id` int(11) NOT NULL,
  `topic_id` int(11) NOT NULL,
  `student_id` int(11) NOT NULL
) ENGINE=InnoDB DEFAULT CHARSET=latin1;

-- --------------------------------------------------------

--
-- Table structure for table `forum_topic`
--

CREATE TABLE `forum_topic` (
  `topic_id` int(11) NOT NULL,
  `subject` varchar(150) NOT NULL,
  `question` varchar(600) NOT NULL,
  `post_time` datetime NOT NULL,
  `forum_Id` int(11) NOT NULL,
  `user_id` int(11) NOT NULL
) ENGINE=InnoDB DEFAULT CHARSET=latin1;

-- --------------------------------------------------------

--
-- Table structure for table `forum_topic_points`
--

CREATE TABLE `forum_topic_points` (
  `lecturer_id` int(11) NOT NULL,
  `topic_id` int(11) NOT NULL,
  `points` int(11) NOT NULL
) ENGINE=InnoDB DEFAULT CHARSET=latin1;

-- --------------------------------------------------------

--
-- Table structure for table `lecturer`
--

CREATE TABLE `lecturer` (
  `user_id` int(11) NOT NULL,
  `lecturer_no` int(11) NOT NULL
) ENGINE=InnoDB DEFAULT CHARSET=latin1;

--
-- Dumping data for table `lecturer`
--

INSERT INTO `lecturer` (`user_id`, `lecturer_no`) VALUES
(13, 11000112),
(9, 11000472),
(10, 11001843),
(26, 19001411);

-- --------------------------------------------------------

--
-- Table structure for table `question_choice`
--

CREATE TABLE `question_choice` (
  `choice_id` int(11) NOT NULL,
  `question_no` int(11) NOT NULL,
  `quiz_id` int(11) NOT NULL,
  `choice_name` varchar(100) NOT NULL,
  `points` int(11) NOT NULL
) ENGINE=InnoDB DEFAULT CHARSET=latin1;

--
-- Dumping data for table `question_choice`
--

INSERT INTO `question_choice` (`choice_id`, `question_no`, `quiz_id`, `choice_name`, `points`) VALUES
(76, 42, 66, 'Windows', 0),
(77, 42, 66, 'Linux', 0),
(78, 42, 66, 'Oracle', 50),
(79, 42, 66, 'MySql', 50),
(80, 42, 66, 'Mac', 0),
(81, 43, 67, '8', 100),
(89, 50, 69, 'Colombo', 100),
(90, 51, 69, 'To prevent deadlock', 100),
(91, 51, 69, 'To deadlock recovery', 0),
(92, 51, 69, 'To solve the deadlock', 0),
(93, 51, 69, 'None of these', 0),
(94, 52, 69, 'Sri Lanka', 50),
(95, 52, 69, 'India', 50),
(96, 52, 69, 'USA', -100),
(97, 52, 69, 'UK', -100),
(98, 52, 69, 'Canada', -100),
(99, 53, 70, 'Janitha', 100),
(100, 53, 70, 'Devin', -100),
(105, 56, 73, 'Kosgama', 100),
(106, 56, 73, 'Colombo', -100),
(107, 57, 74, 'Thilinna Halloluwa', 100),
(108, 58, 75, 'Thilinna Halloluwa', 100),
(109, 59, 76, 'Nalanda College', 100);

-- --------------------------------------------------------

--
-- Table structure for table `quiz`
--

CREATE TABLE `quiz` (
  `quiz_id` int(11) NOT NULL,
  `quiz_name` varchar(50) NOT NULL,
  `status` varchar(10) NOT NULL COMMENT 'true if published',
  `create_date` datetime NOT NULL,
  `published_date` datetime DEFAULT NULL,
  `close_date` datetime DEFAULT NULL,
  `duration` time NOT NULL,
  `lecturer_id` int(11) NOT NULL,
  `topic_id` int(11) NOT NULL
) ENGINE=InnoDB DEFAULT CHARSET=latin1;

--
-- Dumping data for table `quiz`
--

INSERT INTO `quiz` (`quiz_id`, `quiz_name`, `status`, `create_date`, `published_date`, `close_date`, `duration`, `lecturer_id`, `topic_id`) VALUES
(66, 'Operating System MCQ Part 1', 'false', '2021-10-04 08:41:12', NULL, NULL, '00:30:00', 13, 11),
(67, 'Operating System MCQ Part 2', 'false', '2021-10-04 08:42:19', NULL, NULL, '00:05:00', 13, 11),
(69, 'Operating System MCQ Part 3', 'false', '2021-10-04 08:55:36', NULL, NULL, '00:00:00', 13, 11),
(70, 'My Self', 'false', '2021-10-04 09:34:39', NULL, NULL, '00:05:00', 13, 12),
(73, 'Village', 'false', '2021-10-04 09:36:25', NULL, NULL, '00:05:00', 13, 11),
(74, 'SE Quiz 1', 'false', '2021-10-04 12:29:20', NULL, NULL, '00:02:00', 13, 13),
(75, 'SE Quiz 1', 'false', '2021-10-04 12:40:20', NULL, NULL, '00:02:00', 13, 13),
(76, 'My school', 'false', '2021-10-04 12:40:59', NULL, NULL, '00:01:00', 13, 11);

-- --------------------------------------------------------

--
-- Table structure for table `quiz_attempt`
--

CREATE TABLE `quiz_attempt` (
  `student_id` int(11) NOT NULL,
  `quiz_id` int(11) NOT NULL,
  `marks` int(11) NOT NULL
) ENGINE=InnoDB DEFAULT CHARSET=latin1;

-- --------------------------------------------------------

--
-- Table structure for table `quiz_question`
--

CREATE TABLE `quiz_question` (
  `question_no` int(11) NOT NULL,
  `quiz_id` int(11) NOT NULL,
  `question` varchar(200) NOT NULL,
  `question_type` varchar(10) NOT NULL,
  `success_rate` int(11) NOT NULL DEFAULT 0
) ENGINE=InnoDB DEFAULT CHARSET=latin1;

--
-- Dumping data for table `quiz_question`
--

INSERT INTO `quiz_question` (`question_no`, `quiz_id`, `question`, `question_type`, `success_rate`) VALUES
(42, 66, 'Which of the following is not an operating system?', 'mcq-m', 0),
(43, 67, 'What is the maximum length of the filename in DOS?', 'short ans', 0),
(50, 69, 'What is the capital city of Sri Lanka?', 'short ans', 0),
(51, 69, 'Banker\'s algorithm is used?', 'mcq-s', 0),
(52, 69, 'Which of these are South Asian countries?', 'mcq-m', 0),
(53, 70, 'What is you name', 'mcq-s', 0),
(56, 73, 'What is your village?', 'mcq-s', 0),
(57, 74, 'Lecturer name?', 'short ans', 0),
(58, 75, 'Lecturer name?', 'short ans', 0),
(59, 76, 'What is your school?', 'short ans', 0);

-- --------------------------------------------------------

--
-- Table structure for table `student`
--

CREATE TABLE `student` (
  `user_id` int(11) NOT NULL,
  `index_no` int(11) NOT NULL
) ENGINE=InnoDB DEFAULT CHARSET=latin1;

--
-- Dumping data for table `student`
--

INSERT INTO `student` (`user_id`, `index_no`) VALUES
(12, 19000111),
(21, 19000472),
(29, 19001428),
(14, 19001843),
(16, 19001847);

-- --------------------------------------------------------

--
-- Table structure for table `tag`
--

CREATE TABLE `tag` (
  `tag_id` int(11) NOT NULL,
  `tag_name` varchar(50) NOT NULL,
  `student_id` int(11) NOT NULL
) ENGINE=InnoDB DEFAULT CHARSET=latin1;

-- --------------------------------------------------------

--
-- Table structure for table `user`
--

CREATE TABLE `user` (
  `user_id` int(11) NOT NULL,
  `first_name` varchar(50) NOT NULL,
  `last_name` varchar(50) NOT NULL,
  `email` varchar(75) NOT NULL,
  `tele` int(11) DEFAULT NULL,
  `pass` varchar(255) NOT NULL,
  `user_type` varchar(5) NOT NULL
) ENGINE=InnoDB DEFAULT CHARSET=latin1;

--
-- Dumping data for table `user`
--

INSERT INTO `user` (`user_id`, `first_name`, `last_name`, `email`, `tele`, `pass`, `user_type`) VALUES
(8, 'admin', 'admin', 'admin@gmail.com', 112691411, '$2y$10$rEc8oEWtCCp0xTq8J7A/Au8v3RgvubuZHrTGBw2/1VgDxFoX01pEu', 'admin'),
(9, 'Dinuni', 'Fernando', 'dkf@ucsc.cmb.ac.lk', 362255456, '$2y$10$kqcUj5djbW1xrsstKvHP/e18lq.Jbfj1I/GHWlRz7v0UdGBbcS1Ga', 'lec'),
(10, 'Hirasha', 'Pooliyadda', 'hsp@ucsc.cmb.ac.lk', 712193599, '$2y$10$zZQ/bgFrgUk8NHAOlhYbxe/0NfMvPjypHl/C48FItuYF3tMtkH/0q', 'lec'),
(12, 'Charith', 'Anjana', 'ch@gmail.com', 766455833, '$2y$10$w6UXM9qmb6WHOh9MpSxLGOSn6NOzDCf5/6Ruy8RKcFI7s/knXk.rW', 'stu'),
(13, 'Thilina', 'Halloluwa', 'tch@ucsc.cmb.ac.lk', 710807011, '$2y$10$HpueGS4UPwZ/i8taKMvEsewWU1LOUiG5rSnHfxwAzsmJkYftz89e6', 'lec'),
(14, 'Sumudu', 'Wathsala', 'wathsala@gmail.com', 703357144, '$2y$10$d68tx8w87Zcw8dgmbh.KLO1gF/glbrvCU998O3XsgCyfPizTm4aza', 'stu'),
(16, 'Maneth', 'Wijetunga', 'maneth@gmail.com', 765282976, '$2y$10$nbOjSMAWBwXsfgT/KnV4z.xA3jriygc3faw0QbQLAdPX7NWFqhB7C', 'stu'),
(21, 'Pansilu', 'Gunaratna', 'pansilugunaratne8@gmail.com', NULL, '$2y$10$xIOh6tYWhAL1fhWrKSKs8u.lG82Ujy1buIG0OKYW4PZDEoUf1SFAS', 'stu'),
(26, 'Dulitha', 'Ratnayake', 'janithadevinratnayake@gmail.com', NULL, '$2y$10$/hnHE3xlCZlB47khsAArpe2dvvPKya9TpZ80WJPIkqQnArw1w56BC', 'lec'),
(29, 'Janitha', 'Ratnayake', 'janithadevin@gmail.com', NULL, '$2y$10$BLFN7NefqvhJH7qLeg/Z9OnwEY0.uXi57Zy7//dU1J.yb4XcmmPDi', 'stu');

--
-- Indexes for dumped tables
--

--
-- Indexes for table `badge`
--
ALTER TABLE `badge`
  ADD PRIMARY KEY (`badge_id`),
  ADD KEY `course_id` (`course_id`);

--
-- Indexes for table `badge_assign`
--
ALTER TABLE `badge_assign`
  ADD PRIMARY KEY (`student_id`,`badge_id`),
  ADD KEY `badge_id` (`badge_id`),
  ADD KEY `lecturer_id` (`lecturer_id`);

--
-- Indexes for table `course`
--
ALTER TABLE `course`
  ADD PRIMARY KEY (`course_id`);

--
-- Indexes for table `course_registration_lec`
--
ALTER TABLE `course_registration_lec`
  ADD PRIMARY KEY (`course_id`,`lecturer_id`),
  ADD KEY `course_registration_lec_ibfk_1` (`lecturer_id`);

--
-- Indexes for table `course_registration_stu`
--
ALTER TABLE `course_registration_stu`
  ADD PRIMARY KEY (`course_id`,`student_id`),
  ADD KEY `course_registration_stu_ibfk_2` (`student_id`);

--
-- Indexes for table `course_topic`
--
ALTER TABLE `course_topic`
  ADD PRIMARY KEY (`topic_id`),
  ADD KEY `course_topic_ibfk_1` (`course_id`),
  ADD KEY `course_topic_ibfk_2` (`lecturer_id`);

--
-- Indexes for table `feedback`
--
ALTER TABLE `feedback`
  ADD PRIMARY KEY (`feedback_id`);

--
-- Indexes for table `feedback_lecture`
--
ALTER TABLE `feedback_lecture`
  ADD PRIMARY KEY (`student_id`,`topic_id`,`feedback_id`),
  ADD KEY `feedback_id` (`feedback_id`),
  ADD KEY `topic_id` (`topic_id`);

--
-- Indexes for table `feedback_quiz`
--
ALTER TABLE `feedback_quiz`
  ADD PRIMARY KEY (`student_id`,`quiz_id`),
  ADD KEY `feedback_id` (`feedback_id`),
  ADD KEY `quiz_id` (`quiz_id`);

--
-- Indexes for table `forum`
--
ALTER TABLE `forum`
  ADD PRIMARY KEY (`forum_id`),
  ADD KEY `forum_ibfk_1` (`course_Id`);

--
-- Indexes for table `forum_reply`
--
ALTER TABLE `forum_reply`
  ADD PRIMARY KEY (`reply_id`);

--
-- Indexes for table `forum_reply_lec`
--
ALTER TABLE `forum_reply_lec`
  ADD PRIMARY KEY (`reply_id`),
  ADD KEY `topic_id` (`topic_id`),
  ADD KEY `lecturer_id` (`lecturer_id`);

--
-- Indexes for table `forum_reply_points`
--
ALTER TABLE `forum_reply_points`
  ADD PRIMARY KEY (`lecturer_id`,`reply_id`),
  ADD KEY `reply_id` (`reply_id`);

--
-- Indexes for table `forum_reply_stu`
--
ALTER TABLE `forum_reply_stu`
  ADD PRIMARY KEY (`reply_id`),
  ADD KEY `student_id` (`student_id`),
  ADD KEY `topic_id` (`topic_id`);

--
-- Indexes for table `forum_topic`
--
ALTER TABLE `forum_topic`
  ADD PRIMARY KEY (`topic_id`),
  ADD KEY `forum_topic_ibfk_1` (`user_id`),
  ADD KEY `forum_topic_ibfk_2` (`forum_Id`);

--
-- Indexes for table `forum_topic_points`
--
ALTER TABLE `forum_topic_points`
  ADD PRIMARY KEY (`lecturer_id`,`topic_id`),
  ADD KEY `topic_id` (`topic_id`);

--
-- Indexes for table `lecturer`
--
ALTER TABLE `lecturer`
  ADD PRIMARY KEY (`user_id`),
  ADD UNIQUE KEY `lecturer_no` (`lecturer_no`);

--
-- Indexes for table `question_choice`
--
ALTER TABLE `question_choice`
  ADD PRIMARY KEY (`choice_id`) USING BTREE,
  ADD KEY `question_no` (`question_no`),
  ADD KEY `quiz_id` (`quiz_id`);

--
-- Indexes for table `quiz`
--
ALTER TABLE `quiz`
  ADD PRIMARY KEY (`quiz_id`),
  ADD KEY `quiz_ibfk_1` (`topic_id`),
  ADD KEY `quiz_ibfk_2` (`lecturer_id`);

--
-- Indexes for table `quiz_attempt`
--
ALTER TABLE `quiz_attempt`
  ADD PRIMARY KEY (`student_id`,`quiz_id`),
  ADD KEY `quiz_id` (`quiz_id`);

--
-- Indexes for table `quiz_question`
--
ALTER TABLE `quiz_question`
  ADD PRIMARY KEY (`question_no`) USING BTREE,
  ADD KEY `quiz_id` (`quiz_id`);

--
-- Indexes for table `student`
--
ALTER TABLE `student`
  ADD PRIMARY KEY (`user_id`),
  ADD UNIQUE KEY `index_no` (`index_no`);

--
-- Indexes for table `tag`
--
ALTER TABLE `tag`
  ADD PRIMARY KEY (`tag_id`),
  ADD KEY `tag_ibfk_1` (`student_id`);

--
-- Indexes for table `user`
--
ALTER TABLE `user`
  ADD PRIMARY KEY (`user_id`),
  ADD UNIQUE KEY `email` (`email`);

--
-- AUTO_INCREMENT for dumped tables
--

--
-- AUTO_INCREMENT for table `badge`
--
ALTER TABLE `badge`
  MODIFY `badge_id` int(11) NOT NULL AUTO_INCREMENT, AUTO_INCREMENT=15;

--
-- AUTO_INCREMENT for table `course`
--
ALTER TABLE `course`
  MODIFY `course_id` int(11) NOT NULL AUTO_INCREMENT, AUTO_INCREMENT=77;

--
-- AUTO_INCREMENT for table `course_topic`
--
ALTER TABLE `course_topic`
  MODIFY `topic_id` int(11) NOT NULL AUTO_INCREMENT, AUTO_INCREMENT=14;

--
-- AUTO_INCREMENT for table `feedback`
--
ALTER TABLE `feedback`
  MODIFY `feedback_id` int(11) NOT NULL AUTO_INCREMENT;

--
-- AUTO_INCREMENT for table `forum`
--
ALTER TABLE `forum`
  MODIFY `forum_id` int(11) NOT NULL AUTO_INCREMENT, AUTO_INCREMENT=33;

--
-- AUTO_INCREMENT for table `forum_reply`
--
ALTER TABLE `forum_reply`
  MODIFY `reply_id` int(11) NOT NULL AUTO_INCREMENT;

--
-- AUTO_INCREMENT for table `forum_topic`
--
ALTER TABLE `forum_topic`
  MODIFY `topic_id` int(11) NOT NULL AUTO_INCREMENT, AUTO_INCREMENT=10;

--
-- AUTO_INCREMENT for table `question_choice`
--
ALTER TABLE `question_choice`
  MODIFY `choice_id` int(11) NOT NULL AUTO_INCREMENT, AUTO_INCREMENT=110;

--
-- AUTO_INCREMENT for table `quiz`
--
ALTER TABLE `quiz`
  MODIFY `quiz_id` int(11) NOT NULL AUTO_INCREMENT, AUTO_INCREMENT=77;

--
-- AUTO_INCREMENT for table `quiz_question`
--
ALTER TABLE `quiz_question`
  MODIFY `question_no` int(11) NOT NULL AUTO_INCREMENT, AUTO_INCREMENT=60;

--
-- AUTO_INCREMENT for table `tag`
--
ALTER TABLE `tag`
  MODIFY `tag_id` int(11) NOT NULL AUTO_INCREMENT;

--
-- AUTO_INCREMENT for table `user`
--
ALTER TABLE `user`
  MODIFY `user_id` int(11) NOT NULL AUTO_INCREMENT, AUTO_INCREMENT=30;

--
-- Constraints for dumped tables
--

--
-- Constraints for table `badge`
--
ALTER TABLE `badge`
  ADD CONSTRAINT `badge_ibfk_1` FOREIGN KEY (`course_id`) REFERENCES `course` (`course_id`) ON DELETE CASCADE ON UPDATE CASCADE;

--
-- Constraints for table `badge_assign`
--
ALTER TABLE `badge_assign`
  ADD CONSTRAINT `badge_assign_ibfk_1` FOREIGN KEY (`student_id`) REFERENCES `student` (`user_id`) ON DELETE CASCADE ON UPDATE CASCADE,
  ADD CONSTRAINT `badge_assign_ibfk_2` FOREIGN KEY (`badge_id`) REFERENCES `badge` (`badge_id`) ON DELETE CASCADE ON UPDATE CASCADE,
  ADD CONSTRAINT `badge_assign_ibfk_3` FOREIGN KEY (`lecturer_id`) REFERENCES `lecturer` (`user_id`) ON DELETE CASCADE ON UPDATE CASCADE;

--
-- Constraints for table `course_registration_lec`
--
ALTER TABLE `course_registration_lec`
  ADD CONSTRAINT `course_registration_lec_ibfk_1` FOREIGN KEY (`lecturer_id`) REFERENCES `lecturer` (`user_id`) ON DELETE CASCADE ON UPDATE CASCADE,
  ADD CONSTRAINT `course_registration_lec_ibfk_2` FOREIGN KEY (`course_id`) REFERENCES `course` (`course_id`) ON DELETE CASCADE ON UPDATE CASCADE;

--
-- Constraints for table `course_registration_stu`
--
ALTER TABLE `course_registration_stu`
  ADD CONSTRAINT `course_registration_stu_ibfk_1` FOREIGN KEY (`course_id`) REFERENCES `course` (`course_id`) ON DELETE CASCADE ON UPDATE CASCADE,
  ADD CONSTRAINT `course_registration_stu_ibfk_2` FOREIGN KEY (`student_id`) REFERENCES `student` (`user_id`) ON DELETE CASCADE ON UPDATE CASCADE;

--
-- Constraints for table `course_topic`
--
ALTER TABLE `course_topic`
  ADD CONSTRAINT `course_topic_ibfk_1` FOREIGN KEY (`course_id`) REFERENCES `course` (`course_id`) ON DELETE CASCADE ON UPDATE CASCADE,
  ADD CONSTRAINT `course_topic_ibfk_2` FOREIGN KEY (`lecturer_id`) REFERENCES `lecturer` (`user_id`) ON DELETE CASCADE ON UPDATE CASCADE;

--
-- Constraints for table `feedback_lecture`
--
ALTER TABLE `feedback_lecture`
  ADD CONSTRAINT `feedback_lecture_ibfk_1` FOREIGN KEY (`feedback_id`) REFERENCES `feedback` (`feedback_id`) ON DELETE CASCADE ON UPDATE CASCADE,
  ADD CONSTRAINT `feedback_lecture_ibfk_2` FOREIGN KEY (`topic_id`) REFERENCES `course_topic` (`topic_id`) ON DELETE CASCADE ON UPDATE CASCADE,
  ADD CONSTRAINT `feedback_lecture_ibfk_3` FOREIGN KEY (`student_id`) REFERENCES `student` (`user_id`) ON DELETE CASCADE ON UPDATE CASCADE;

--
-- Constraints for table `feedback_quiz`
--
ALTER TABLE `feedback_quiz`
  ADD CONSTRAINT `feedback_quiz_ibfk_1` FOREIGN KEY (`feedback_id`) REFERENCES `feedback` (`feedback_id`) ON DELETE CASCADE ON UPDATE CASCADE,
  ADD CONSTRAINT `feedback_quiz_ibfk_2` FOREIGN KEY (`quiz_id`) REFERENCES `quiz` (`quiz_id`) ON DELETE CASCADE ON UPDATE CASCADE,
  ADD CONSTRAINT `feedback_quiz_ibfk_3` FOREIGN KEY (`student_id`) REFERENCES `student` (`user_id`) ON DELETE CASCADE ON UPDATE CASCADE;

--
-- Constraints for table `forum`
--
ALTER TABLE `forum`
  ADD CONSTRAINT `forum_ibfk_1` FOREIGN KEY (`course_Id`) REFERENCES `course` (`course_id`) ON DELETE CASCADE ON UPDATE CASCADE;

--
-- Constraints for table `forum_reply_lec`
--
ALTER TABLE `forum_reply_lec`
  ADD CONSTRAINT `forum_reply_lec_ibfk_1` FOREIGN KEY (`reply_id`) REFERENCES `forum_reply` (`reply_id`),
  ADD CONSTRAINT `forum_reply_lec_ibfk_2` FOREIGN KEY (`topic_id`) REFERENCES `forum_topic` (`topic_id`),
  ADD CONSTRAINT `forum_reply_lec_ibfk_3` FOREIGN KEY (`lecturer_id`) REFERENCES `lecturer` (`user_id`);

--
-- Constraints for table `forum_reply_points`
--
ALTER TABLE `forum_reply_points`
  ADD CONSTRAINT `forum_reply_points_ibfk_1` FOREIGN KEY (`lecturer_id`) REFERENCES `lecturer` (`user_id`),
  ADD CONSTRAINT `forum_reply_points_ibfk_2` FOREIGN KEY (`reply_id`) REFERENCES `forum_reply` (`reply_id`);

--
-- Constraints for table `forum_reply_stu`
--
ALTER TABLE `forum_reply_stu`
  ADD CONSTRAINT `forum_reply_stu_ibfk_1` FOREIGN KEY (`student_id`) REFERENCES `student` (`user_id`) ON DELETE CASCADE ON UPDATE CASCADE,
  ADD CONSTRAINT `forum_reply_stu_ibfk_2` FOREIGN KEY (`reply_id`) REFERENCES `forum_reply` (`reply_id`) ON DELETE CASCADE ON UPDATE CASCADE,
  ADD CONSTRAINT `forum_reply_stu_ibfk_3` FOREIGN KEY (`topic_id`) REFERENCES `forum_topic` (`topic_id`) ON DELETE CASCADE ON UPDATE CASCADE;

--
-- Constraints for table `forum_topic`
--
ALTER TABLE `forum_topic`
  ADD CONSTRAINT `forum_topic_ibfk_1` FOREIGN KEY (`user_id`) REFERENCES `user` (`user_id`) ON DELETE CASCADE ON UPDATE CASCADE,
  ADD CONSTRAINT `forum_topic_ibfk_2` FOREIGN KEY (`forum_Id`) REFERENCES `forum` (`forum_id`) ON DELETE CASCADE ON UPDATE CASCADE;

--
-- Constraints for table `forum_topic_points`
--
ALTER TABLE `forum_topic_points`
  ADD CONSTRAINT `forum_topic_points_ibfk_1` FOREIGN KEY (`lecturer_id`) REFERENCES `lecturer` (`user_id`),
  ADD CONSTRAINT `forum_topic_points_ibfk_2` FOREIGN KEY (`topic_id`) REFERENCES `forum_topic` (`topic_id`);

--
-- Constraints for table `lecturer`
--
ALTER TABLE `lecturer`
  ADD CONSTRAINT `lecturer_ibfk_1` FOREIGN KEY (`user_id`) REFERENCES `user` (`user_id`) ON DELETE CASCADE ON UPDATE CASCADE;

--
-- Constraints for table `question_choice`
--
ALTER TABLE `question_choice`
  ADD CONSTRAINT `question_choice_ibfk_1` FOREIGN KEY (`question_no`) REFERENCES `quiz_question` (`question_no`) ON DELETE CASCADE ON UPDATE CASCADE,
  ADD CONSTRAINT `question_choice_ibfk_2` FOREIGN KEY (`quiz_id`) REFERENCES `quiz` (`quiz_id`) ON DELETE CASCADE ON UPDATE CASCADE;

--
-- Constraints for table `quiz`
--
ALTER TABLE `quiz`
  ADD CONSTRAINT `quiz_ibfk_1` FOREIGN KEY (`topic_id`) REFERENCES `course_topic` (`topic_id`) ON DELETE CASCADE ON UPDATE CASCADE,
  ADD CONSTRAINT `quiz_ibfk_2` FOREIGN KEY (`lecturer_id`) REFERENCES `lecturer` (`user_id`) ON DELETE CASCADE ON UPDATE CASCADE;

--
-- Constraints for table `quiz_attempt`
--
ALTER TABLE `quiz_attempt`
  ADD CONSTRAINT `quiz_attempt_ibfk_1` FOREIGN KEY (`quiz_id`) REFERENCES `quiz` (`quiz_id`) ON DELETE CASCADE ON UPDATE CASCADE,
  ADD CONSTRAINT `quiz_attempt_ibfk_2` FOREIGN KEY (`student_id`) REFERENCES `student` (`user_id`) ON DELETE CASCADE ON UPDATE CASCADE;

--
-- Constraints for table `quiz_question`
--
ALTER TABLE `quiz_question`
  ADD CONSTRAINT `quiz_question_ibfk_1` FOREIGN KEY (`quiz_id`) REFERENCES `quiz` (`quiz_id`) ON DELETE CASCADE ON UPDATE CASCADE;

--
-- Constraints for table `student`
--
ALTER TABLE `student`
  ADD CONSTRAINT `student_ibfk_1` FOREIGN KEY (`user_id`) REFERENCES `user` (`user_id`) ON DELETE CASCADE ON UPDATE CASCADE;

--
-- Constraints for table `tag`
--
ALTER TABLE `tag`
  ADD CONSTRAINT `tag_ibfk_1` FOREIGN KEY (`student_id`) REFERENCES `student` (`user_id`) ON DELETE CASCADE ON UPDATE CASCADE;
COMMIT;

/*!40101 SET CHARACTER_SET_CLIENT=@OLD_CHARACTER_SET_CLIENT */;
/*!40101 SET CHARACTER_SET_RESULTS=@OLD_CHARACTER_SET_RESULTS */;
/*!40101 SET COLLATION_CONNECTION=@OLD_COLLATION_CONNECTION */;
